sexy	marked by or tending to arouse	teen
randy	feeling great sexual desire	teen
homosexuality	a sexual attraction to (or sex	teen
homosexual	someone who practices homosexu	teen
bisexual	a person who is sexually attra	teen
condom	contraceptive device consistin	teen
pimp	arrange for sexual partners fo	teen
adultery	extramarital sex that willfull	teen
eff	have sexual intercourse with	teen
heterosexual	a heterosexual person; someone	teen
heterosexuality	a sexual attraction to (or sex	teen
sadistic	deriving pleasure or sexual gr	teen
masochistic	deriving pleasure or sexual gr	teen
libido	(psychoanalysis) a Freudian te	teen
amour	a usually secretive or illicit	teen
foreplay	mutual sexual fondling prior t	teen
transsexual	a person who has undergone a s	teen
intersex	one having both male and femal	teen
chastity	abstaining from sexual relatio	teen
transvestite	someone who adopts the dress o	teen
maidenhead	a fold of tissue that partly c	teen
womanizer	a man who likes many women and	teen
aphrodisiac	a drug or other agent that sti	teen
harlot	a woman who engages in sexual 	teen
sexiness	the arousal of feelings of sex	teen
succubus	a female demon believed to hav	teen
venereal	of or relating to the external	teen
lech	man with strong sexual desires	teen
promiscuity	indulging in promiscuous (casu	teen
magdalen	a reformed prostitute	teen
cohabitation	the act of living together and	teen
flirtation	playful behavior intended to a	teen
procreation	the sexual activity of conceiv	teen
blackface	the makeup (usually burnt cork	teen
wanker	terms of abuse for a masturbat	full
wank	slang for masturbation	full
wank	get sexual gratification throu	full
nigra	(ethnic slur) extremely offens	full
horseshit	obscene words for unacceptable	full
bugger	someone who engages in anal co	full
bugger	practice anal sex upon	full
ass	slang for sexual intercourse	teen
cock	obscene terms for penis	teen
cocks	obscene terms for penis	teen
dick	obscene terms for penis	teen
dicks	obscene terms for penis	teen
prick	insulting terms of address for	teen
prick	obscene terms for penis	teen
pricks	insulting terms of address for	teen
pricks	obscene terms for penis	teen
tit	either of two soft fleshy milk	teen
tits	either of two soft fleshy milk	teen
bollocks	one of the two male reproducti	teen
queer	offensive term for an openly h	full
queer	homosexual or arousing homosex	teen
twat	a man who is a stupid incompet	teen
twat	obscene terms for female genit	teen
bitch	a person (usually but not nece	teen
bastard	insulting terms of address for	teen
tramp	a person who engages freely in	teen
spade	(ethnic slur) extremely offens	full
cracker	a poor White person in the sou	teen
screw	slang for sexual intercourse	teen
screw	have sexual intercourse with	teen
snatch	obscene terms for female genit	teen
boob	either of two soft fleshy milk	teen
nuts	one of the two male reproducti	teen
knockers	either of two soft fleshy milk	teen
dyke	(slang) offensive term for a l	full
fairy	offensive term for an openly h	full
tosser	terms of abuse for a masturbat	teen
hooker	a prostitute who attracts cust	teen
